{
  "mean_return": 0.1986326260379076,
  "std_return": 0.26620644301992996,
  "sharpe_ratio": 0.746160099599981,
  "max_drawdown": -0.12665096090798658,
  "worst_drawdown": -0.6836823591787381,
  "var_95": -0.11485987568067724,
  "cvar_95": -0.21783884417822544,
  "prob_loss": 0.143,
  "calmar_ratio": 1.5683467745832307
}